karan,student,2025-11-17T18:54:02.821Z,::1,0
karan,student,2025-11-17T18:54:12.212Z,::1,0
harsh,student,2025-11-17T18:54:25.001Z,::1,0
karan,student,2025-11-17T18:54:46.658Z,::1,1
admin,admin,2025-11-17T18:55:21.767Z,::1,1
karan,student,2025-11-17T19:05:47.949Z,::1,1
admin,admin,2025-11-17T19:09:43.056Z,::1,1
karan,student,2025-11-17T20:06:28.126Z,::1,1
admin,admin,2025-11-17T20:20:55.750Z,::1,1
admin,admin,2025-11-17T20:24:30.488Z,::1,1
KARAN,student,2025-11-17T20:42:20.098Z,::1,1
admin,admin,2025-11-18T06:40:46.603Z,::1,1
karan,student,2025-11-18T06:47:46.100Z,::1,1
karan,student,2025-11-18T06:49:14.373Z,::1,1
admin,admin,2025-11-18T06:50:38.295Z,::1,1
admin,admin,2025-11-18T07:02:07.022Z,::1,1
admin,admin,2025-11-18T07:19:41.001Z,::1,1
karan,student,2025-11-18T07:22:07.853Z,::1,1
admin,admin,2025-11-18T07:23:25.598Z,::1,1
karan,student,2025-11-18T07:25:27.016Z,::1,1
admin,admin,2025-11-18T09:03:35.531Z,::1,1
admin,admin,2025-11-18T10:04:03.281Z,::1,1
admin,admin,2025-11-18T11:43:59.361Z,::1,1
admin,admin,2025-11-18T12:23:02.894Z,::1,1
admin,admin,2025-11-18T15:04:04.329Z,::1,1
admin,admin,2025-11-18T17:38:20.748Z,::1,1
admin,admin,2025-11-19T07:47:16.392Z,::1,1
admin,admin,2025-11-19T08:56:57.005Z,::1,1
karan,student,2025-11-19T18:20:40.686Z,::1,0
karan,student,2025-11-19T18:20:51.091Z,::1,1
karan,student,2025-11-19T18:24:52.766Z,::1,1
niti,student,2025-11-19T18:33:14.878Z,::1,1
admin,admin,2025-11-19T18:33:42.985Z,::1,1
karan,student,2025-11-19T18:34:10.067Z,::1,1
admin,admin,2025-11-19T18:36:38.519Z,::1,1
karan,student,2025-11-19T18:40:28.368Z,::1,1
niti,student,2025-11-19T18:40:58.550Z,::1,1
krinal,student,2025-11-19T18:41:28.155Z,::1,1
Karan,student,2025-11-19T18:46:27.692Z,::1,1
karan,student,2025-11-19T18:57:35.217Z,::1,1
admin,admin,2025-11-19T19:04:32.197Z,::1,1
karan,student,2025-11-19T19:07:13.275Z,::ffff:127.0.0.1,1
admin,admin,2025-11-19T19:10:49.236Z,::1,1
karan,student,2025-11-19T19:14:11.173Z,::1,1
admin,admin,2025-11-19T19:14:37.885Z,::1,1
karan,student,2025-11-19T19:48:56.931Z,::1,0
karan,student,2025-11-19T19:49:06.440Z,::1,1
sahil,student,2025-11-19T19:49:33.567Z,::1,1
admin,admin,2025-11-21T11:26:11.510Z,::1,1
admin,admin,2025-11-22T16:13:46.803Z,::1,1
niti,student,2025-11-22T16:15:23.502Z,::1,1
admin,admin,2025-11-22T16:25:36.573Z,::1,1
