admin,admin,2025-08-20 13:25:15,127.0.0.1,1,
Karan,student,2025-08-20 13:32:41,127.0.0.1,1,
admin,admin,2025-08-20 14:48:46,127.0.0.1,1,
Karan,student,2025-08-20 14:54:55,127.0.0.1,1,
admin,admin,2025-08-20 22:25:58,127.0.0.1,1,
admin,admin,2025-08-21 17:52:49,127.0.0.1,1,
Karan,student,2025-08-21 18:37:28,127.0.0.1,0,Invalid student credentials
Karan,student,2025-08-21 18:37:33,127.0.0.1,1,
admin,admin,2025-08-21 19:18:23,127.0.0.1,1,
admin,admin,2025-08-21 19:31:29,127.0.0.1,1,
admin,admin,2025-08-21 19:34:18,127.0.0.1,1,
admin,admin,2025-08-21 19:44:04,127.0.0.1,1,
admin,admin,2025-08-21 20:52:06,127.0.0.1,1,
admin,admin,2025-08-21 22:29:44,127.0.0.1,1,
admin,admin,2025-08-21 23:04:09,127.0.0.1,1,
admin,admin,2025-08-22 00:34:11,127.0.0.1,1,
admin,admin,2025-08-22 22:25:09,127.0.0.1,1,
admin,admin,2025-08-22 23:20:18,127.0.0.1,1,
admin,admin,2025-08-22 23:23:24,127.0.0.1,1,
admin,admin,2025-08-23 00:08:05,117.99.49.127,1,
admin,admin,2025-08-23 00:20:16,127.0.0.1,1,
admin,admin,2025-08-23 00:52:40,127.0.0.1,1,
admin,admin,2025-08-28 11:58:28,127.0.0.1,1,
niti,student,2025-08-28 13:32:57,127.0.0.1,0,Invalid student credentials
niti,student,2025-08-28 13:33:02,127.0.0.1,1,
admin,admin,2025-08-28 20:32:20,127.0.0.1,1,
admin,admin,2025-08-28 20:37:09,127.0.0.1,1,
admin,admin,2025-08-28 20:59:43,127.0.0.1,1,
admin,admin,2025-08-28 21:07:35,127.0.0.1,1,
admin,admin,2025-08-28 23:11:09,127.0.0.1,1,
admin,admin,2025-08-28 23:12:22,127.0.0.1,1,
admin,admin,2025-08-28 23:18:10,127.0.0.1,1,
admin,admin,2025-08-29 12:30:27,127.0.0.1,1,
admin,admin,2025-08-29 13:39:15,127.0.0.1,1,
admin,admin,2025-08-31 23:53:52,127.0.0.1,1,
admin,admin,2025-09-08 00:51:49,127.0.0.1,1,
admin,admin,2025-09-09 12:44:10,127.0.0.1,1,
admin,admin,2025-09-09 20:08:18,127.0.0.1,1,
admin,admin,2025-09-09 23:18:22,127.0.0.1,1,
Karan,student,2025-09-21 13:58:48,127.0.0.1,0,Invalid student credentials
Karan,student,2025-09-21 13:58:53,127.0.0.1,1,
admin,admin,2025-09-23 17:53:15,127.0.0.1,1,
admin,admin,2025-09-23 18:43:06,127.0.0.1,1,
admin,admin,2025-09-23 18:58:44,127.0.0.1,1,
admin,admin,2025-09-24 09:47:26,127.0.0.1,1,
admin,admin,2025-09-24 10:29:09,127.0.0.1,1,
admin,admin,2025-09-24 10:45:34,127.0.0.1,1,
admin,admin,2025-09-24 12:10:16,127.0.0.1,1,
adim,admin,2025-09-26 12:39:22,127.0.0.1,0,Invalid admin credentials
adim,admin,2025-09-26 12:39:27,127.0.0.1,0,Invalid admin credentials
admin,admin,2025-09-26 12:39:33,127.0.0.1,1,
admin,admin,2025-09-26 16:14:03,127.0.0.1,1,
admin,admin,2025-10-07 21:45:51,127.0.0.1,1,
Karan,student,2025-10-07 21:50:43,127.0.0.1,1,
admin,admin,2025-10-30 18:10:52,127.0.0.1,1,
